table,operator,quantity,user_value,authoritative_value,absolute_difference
symmetric_system_availability.csv,full_metrics_prog_k6_block_psd_reflection_hybrid_46eceb97ab23_m200,weighted_symmetry_residual,1.061230618876816e-16,1.0612306188768169e-16,9.860761315262648e-32
symmetric_system_availability.csv,illumination_prog_k6_block_psd_reflection_hybrid_ec036e6713a0_m200,weighted_symmetry_residual,8.527437494769006e-17,8.527437494769012e-17,6.162975822039155e-32
symmetric_system_availability.csv,no_archive_prog_k6_block_psd_asymmetric_hybrid_f8ec01d38203_m200,weighted_symmetry_residual,1.017186240058514e-16,1.0171862400585126e-16,1.355854680848614e-31
symmetric_system_availability.csv,reference_mole_k2_m200,weighted_symmetry_residual,0.0719540844193996,0.07195408441939963,2.7755575615628914e-17
symmetric_system_availability.csv,reference_mole_k4_m200,weighted_symmetry_residual,0.1485145666415754,0.14851456664157534,5.551115123125783e-17
symmetric_system_availability.csv,reference_mole_k6_m200,weighted_symmetry_residual,0.522351240707882,0.522351240707882,0.0
symmetric_system_availability.csv,reference_mole_k8_m200,weighted_symmetry_residual,0.8900549283678435,0.8900549283678426,8.881784197001252e-16
symmetric_system_availability.csv,structure_only_prog_k6_block_psd_reflection_min_next_moment_973378905933_m200,weighted_symmetry_residual,1.2320723772556404e-16,1.2320723772556416e-16,1.232595164407831e-31
symmetric_system_availability.csv,v12_1_cold_prog_k6_block_psd_asymmetric_min_next_moment_8a3f6d67a915_m200,weighted_symmetry_residual,1.0995139815565671e-16,1.0995139815565671e-16,0.0
symmetric_system_availability.csv,v12_1_random_prog_k6_block_psd_reflection_min_next_moment_298eeaa4221c_m200,weighted_symmetry_residual,7.859842797555656e-17,7.859842797555654e-17,2.465190328815662e-32
symmetric_system_availability.csv,v12_diagonal_prog_k6_diagonal_asymmetric_hybrid_5e80ffe4c774_m200,weighted_symmetry_residual,9.223252404971747e-17,9.223252404971742e-17,4.930380657631324e-32
symmetric_system_availability.csv,full_metrics_prog_k6_block_psd_reflection_hybrid_46eceb97ab23_m200,min_eigenvalue_symmetric_part,0.0493480219215424,0.04934802192169301,1.506156310782103e-13
symmetric_system_availability.csv,illumination_prog_k6_block_psd_reflection_hybrid_ec036e6713a0_m200,min_eigenvalue_symmetric_part,0.0493480215996043,0.04934802159947008,1.3422596367718143e-13
symmetric_system_availability.csv,no_archive_prog_k6_block_psd_asymmetric_hybrid_f8ec01d38203_m200,min_eigenvalue_symmetric_part,0.0493480219760981,0.04934802197595843,1.396660564978447e-13
symmetric_system_availability.csv,reference_mole_k2_m200,min_eigenvalue_symmetric_part,0.0493314449341223,0.0493314449341223,0.0
symmetric_system_availability.csv,reference_mole_k4_m200,min_eigenvalue_symmetric_part,0.0489459242809201,0.04894592428097284,5.2735593669694936e-14
symmetric_system_availability.csv,reference_mole_k6_m200,min_eigenvalue_symmetric_part,-26.000484784797106,-26.000484784797088,1.7763568394002505e-14
symmetric_system_availability.csv,reference_mole_k8_m200,min_eigenvalue_symmetric_part,-844.8656645590302,-844.8656645590282,1.9326762412674725e-12
symmetric_system_availability.csv,structure_only_prog_k6_block_psd_reflection_min_next_moment_973378905933_m200,min_eigenvalue_symmetric_part,0.0493480219392263,0.049348021939394485,1.681849104429034e-13
symmetric_system_availability.csv,v12_1_cold_prog_k6_block_psd_asymmetric_min_next_moment_8a3f6d67a915_m200,min_eigenvalue_symmetric_part,0.0493480220048786,0.049348022004696186,1.8241658183981713e-13
symmetric_system_availability.csv,v12_1_random_prog_k6_block_psd_reflection_min_next_moment_298eeaa4221c_m200,min_eigenvalue_symmetric_part,0.0493480220029414,0.049348022002963725,2.2322421688869554e-14
symmetric_system_availability.csv,v12_diagonal_prog_k6_diagonal_asymmetric_hybrid_5e80ffe4c774_m200,min_eigenvalue_symmetric_part,0.0493480219889835,0.049348021988925656,5.784261958297066e-14
poisson_solver_comparison.csv,full_metrics_prog_k6_block_psd_reflection_hybrid_46eceb97ab23_m200,diagnostic_cg_solution_error,1.6583566555298316e-07,1.658356768056227e-07,1.1252639527821847e-14
poisson_solver_comparison.csv,illumination_prog_k6_block_psd_reflection_hybrid_ec036e6713a0_m200,diagnostic_cg_solution_error,5.871696101425935e-06,5.871696059235647e-06,4.219028758626307e-14
poisson_solver_comparison.csv,no_archive_prog_k6_block_psd_asymmetric_hybrid_f8ec01d38203_m200,diagnostic_cg_solution_error,3.3835854261788457e-07,3.383585562209616e-07,1.3603077023569758e-14
poisson_solver_comparison.csv,reference_mole_k2_m200,diagnostic_cg_solution_error,0.001050923276744,0.0010509232767430563,9.43689570931383e-16
poisson_solver_comparison.csv,reference_mole_k4_m200,diagnostic_cg_solution_error,0.0240604309797424,0.024060430979793303,5.090372567906343e-14
poisson_solver_comparison.csv,reference_mole_k6_m200,diagnostic_cg_solution_error,0.2783655619549279,0.27836556195491635,1.1546319456101628e-14
poisson_solver_comparison.csv,reference_mole_k8_m200,diagnostic_cg_solution_error,0.3687853466262762,0.3687853465724258,5.3850424119872287e-11
poisson_solver_comparison.csv,structure_only_prog_k6_block_psd_reflection_min_next_moment_973378905933_m200,diagnostic_cg_solution_error,1.253233889072638e-07,1.2532340941182177e-07,2.0504557985122576e-14
poisson_solver_comparison.csv,v12_1_cold_prog_k6_block_psd_asymmetric_min_next_moment_8a3f6d67a915_m200,diagnostic_cg_solution_error,1.8385211692908586e-08,1.8385205240423984e-08,6.4524846019804584e-15
poisson_solver_comparison.csv,v12_1_random_prog_k6_block_psd_reflection_min_next_moment_298eeaa4221c_m200,diagnostic_cg_solution_error,9.381508916650682e-09,9.381487474787702e-09,2.1441862980693942e-14
poisson_solver_comparison.csv,v12_diagonal_prog_k6_diagonal_asymmetric_hybrid_5e80ffe4c774_m200,diagnostic_cg_solution_error,3.0376466322289e-07,3.0376468365587943e-07,2.043298944502176e-14
poisson_solver_comparison.csv,full_metrics_prog_k6_block_psd_reflection_hybrid_46eceb97ab23_m200,gmres_solution_error,1.6641049404973614e-07,1.6641040599181942e-07,8.805791672638355e-14
poisson_solver_comparison.csv,illumination_prog_k6_block_psd_reflection_hybrid_ec036e6713a0_m200,gmres_solution_error,5.87274104275358e-06,5.872739556682567e-06,1.4860710132212152e-12
poisson_solver_comparison.csv,no_archive_prog_k6_block_psd_asymmetric_hybrid_f8ec01d38203_m200,gmres_solution_error,3.393034176655712e-07,3.3930337137232156e-07,4.629324964358861e-14
poisson_solver_comparison.csv,reference_mole_k2_m200,gmres_solution_error,0.000241172070074,0.00024117207266583575,2.5918357629377275e-12
poisson_solver_comparison.csv,reference_mole_k4_m200,gmres_solution_error,3.4715322238194973e-07,3.47153207405171e-07,1.4976778752042548e-14
poisson_solver_comparison.csv,reference_mole_k6_m200,gmres_solution_error,1.0147804353114027e-09,1.0147343054966979e-09,4.612981470486509e-14
poisson_solver_comparison.csv,reference_mole_k8_m200,gmres_solution_error,2.4832441637427765e-11,2.483241315470678e-11,2.8482720985706476e-17
poisson_solver_comparison.csv,structure_only_prog_k6_block_psd_reflection_min_next_moment_973378905933_m200,gmres_solution_error,1.254110132897897e-07,1.2541103740218303e-07,2.4112393338817276e-14
poisson_solver_comparison.csv,v12_1_cold_prog_k6_block_psd_asymmetric_min_next_moment_8a3f6d67a915_m200,gmres_solution_error,1.8405339998013017e-08,1.8405298218048973e-08,4.177996404452738e-14
poisson_solver_comparison.csv,v12_1_random_prog_k6_block_psd_reflection_min_next_moment_298eeaa4221c_m200,gmres_solution_error,9.413120803910286e-09,9.413062369303385e-09,5.843460690128944e-14
poisson_solver_comparison.csv,v12_diagonal_prog_k6_diagonal_asymmetric_hybrid_5e80ffe4c774_m200,gmres_solution_error,3.03686879627846e-07,3.0368689434949257e-07,1.472164655203848e-14
implicit_heat_step.csv,full_metrics_prog_k6_block_psd_reflection_hybrid_46eceb97ab23_m200,backward_euler_weighted_symmetry_residual,8.475312602616802e-17,8.475312602616803e-17,1.232595164407831e-32
implicit_heat_step.csv,illumination_prog_k6_block_psd_reflection_hybrid_ec036e6713a0_m200,backward_euler_weighted_symmetry_residual,8.908903116496108e-17,8.908903116496109e-17,1.232595164407831e-32
implicit_heat_step.csv,no_archive_prog_k6_block_psd_asymmetric_hybrid_f8ec01d38203_m200,backward_euler_weighted_symmetry_residual,1.3892988802106242e-16,1.389298880210624e-16,2.465190328815662e-32
implicit_heat_step.csv,reference_mole_k2_m200,backward_euler_weighted_symmetry_residual,0.0689801983288642,0.06898019832886426,5.551115123125783e-17
implicit_heat_step.csv,reference_mole_k4_m200,backward_euler_weighted_symmetry_residual,0.143669103337978,0.14366910333797817,1.6653345369377348e-16
implicit_heat_step.csv,reference_mole_k6_m200,backward_euler_weighted_symmetry_residual,0.5060009209352515,0.506000920935252,4.440892098500626e-16
implicit_heat_step.csv,reference_mole_k8_m200,backward_euler_weighted_symmetry_residual,0.8733060366796169,0.8733060366796159,9.992007221626409e-16
implicit_heat_step.csv,structure_only_prog_k6_block_psd_reflection_min_next_moment_973378905933_m200,backward_euler_weighted_symmetry_residual,8.878516211982682e-17,8.878516211982686e-17,3.697785493223493e-32
implicit_heat_step.csv,v12_1_cold_prog_k6_block_psd_asymmetric_min_next_moment_8a3f6d67a915_m200,backward_euler_weighted_symmetry_residual,1.0661371334834007e-16,1.0661371334834016e-16,8.628166150854817e-32
implicit_heat_step.csv,v12_1_random_prog_k6_block_psd_reflection_min_next_moment_298eeaa4221c_m200,backward_euler_weighted_symmetry_residual,1.1320173219626043e-16,1.132017321962604e-16,2.465190328815662e-32
implicit_heat_step.csv,v12_diagonal_prog_k6_diagonal_asymmetric_hybrid_5e80ffe4c774_m200,backward_euler_weighted_symmetry_residual,6.485264217273285e-17,6.485264217273282e-17,2.465190328815662e-32
