strategy,seed,budget_step,best_external_utility
heuristic,0,1,-2.0
heuristic,0,2,1.4184654965136425
heuristic,0,3,1.4184654965136425
heuristic,0,4,1.4184654965136425
heuristic,0,5,1.4184654965136425
heuristic,0,6,1.5600523215424056
heuristic,0,7,1.5600523215424056
heuristic,0,8,1.5600523215424056
heuristic,0,9,1.5600523215424056
heuristic,0,10,1.5600523215424056
heuristic,0,11,1.5600523215424056
heuristic,0,12,1.5600523215424056
heuristic,1,1,1.4184654932206195
heuristic,1,2,1.4184654932206195
heuristic,1,3,1.4184654932206195
heuristic,1,4,1.6040262650039838
heuristic,1,5,1.6040262650039838
heuristic,1,6,1.6040262650039838
heuristic,1,7,1.6040262650039838
heuristic,1,8,1.6254197545660276
heuristic,1,9,1.6254197545660276
heuristic,1,10,1.6254197545660276
heuristic,1,11,1.6254197545660276
heuristic,1,12,1.6517637418894626
heuristic,2,1,-2.0
heuristic,2,2,-2.0
heuristic,2,3,-2.0
heuristic,2,4,1.601324933490595
heuristic,2,5,1.601324933490595
heuristic,2,6,1.601324933490595
heuristic,2,7,1.601324933490595
heuristic,2,8,1.601324933490595
heuristic,2,9,1.6517637418894626
heuristic,2,10,1.6517637418894626
heuristic,2,11,1.6517637418894626
heuristic,2,12,1.6517637418894626
heuristic,3,1,1.5422182724363498
heuristic,3,2,1.6517637418894626
heuristic,3,3,1.6517637418894626
heuristic,3,4,1.6517637418894626
heuristic,3,5,1.6517637418894626
heuristic,3,6,1.6517637418894626
heuristic,3,7,1.6517637418894626
heuristic,3,8,1.6517637418894626
heuristic,3,9,1.6517637418894626
heuristic,3,10,1.6517637418894626
heuristic,3,11,1.6517637418894626
heuristic,3,12,1.6517637418894626
heuristic,4,1,1.5251607380205694
heuristic,4,2,1.577327286321727
heuristic,4,3,1.577327286321727
heuristic,4,4,1.577327286321727
heuristic,4,5,1.577327286321727
heuristic,4,6,1.577327286321727
heuristic,4,7,1.577327286321727
heuristic,4,8,1.577327286321727
heuristic,4,9,1.6040262650039838
heuristic,4,10,1.6040262650039838
heuristic,4,11,1.6040262650039838
heuristic,4,12,1.6040262650039838
heuristic,5,1,-2.0
heuristic,5,2,-2.0
heuristic,5,3,-2.0
heuristic,5,4,1.520315302036094
heuristic,5,5,1.520315302036094
heuristic,5,6,1.520315302036094
heuristic,5,7,1.520315302036094
heuristic,5,8,1.6040262650039838
heuristic,5,9,1.6040262650039838
heuristic,5,10,1.6040262650039838
heuristic,5,11,1.6517637418894626
heuristic,5,12,1.6517637418894626
heuristic,6,1,1.5600523215424056
heuristic,6,2,1.5600523215424056
heuristic,6,3,1.5600523215424056
heuristic,6,4,1.5600523215424056
heuristic,6,5,1.5600523215424056
heuristic,6,6,1.5600523215424056
heuristic,6,7,1.5600523215424056
heuristic,6,8,1.5600523215424056
heuristic,6,9,1.5600523215424056
heuristic,6,10,1.5600523215424056
heuristic,6,11,1.5600523215424056
heuristic,6,12,1.601324933490595
heuristic,7,1,1.6254197545660276
heuristic,7,2,1.6254197545660276
heuristic,7,3,1.6254197545660276
heuristic,7,4,1.6254197545660276
heuristic,7,5,1.6254197545660276
heuristic,7,6,1.6517637418894626
heuristic,7,7,1.6517637418894626
heuristic,7,8,1.6517637418894626
heuristic,7,9,1.6517637418894626
heuristic,7,10,1.6517637418894626
heuristic,7,11,1.6517637418894626
heuristic,7,12,1.6517637418894626
heuristic,8,1,-2.0
heuristic,8,2,1.5422182724363498
heuristic,8,3,1.5422182724363498
heuristic,8,4,1.601324933490595
heuristic,8,5,1.601324933490595
heuristic,8,6,1.601324933490595
heuristic,8,7,1.601324933490595
heuristic,8,8,1.6040262650039838
heuristic,8,9,1.6040262650039838
heuristic,8,10,1.6040262650039838
heuristic,8,11,1.6040262650039838
heuristic,8,12,1.6040262650039838
heuristic,9,1,-2.0
heuristic,9,2,-2.0
heuristic,9,3,-2.0
heuristic,9,4,1.5422182724363498
heuristic,9,5,1.5422182724363498
heuristic,9,6,1.5422182724363498
heuristic,9,7,1.5422182724363498
heuristic,9,8,1.5600523215424056
heuristic,9,9,1.577327286321727
heuristic,9,10,1.601324933490595
heuristic,9,11,1.601324933490595
heuristic,9,12,1.6040262650039838
llm_full_metrics,0,1,-2.0
llm_full_metrics,0,2,-2.0
llm_full_metrics,0,3,-2.0
llm_full_metrics,0,4,-2.0
llm_full_metrics,0,5,-2.0
llm_full_metrics,0,6,-2.0
llm_full_metrics,0,7,-2.0
llm_full_metrics,0,8,-2.0
llm_full_metrics,0,9,1.4843078093100077
llm_full_metrics,0,10,1.4843078093100077
llm_full_metrics,0,11,1.4843078093100077
llm_full_metrics,0,12,1.4843078093100077
llm_full_metrics,1,1,-2.0
llm_full_metrics,1,2,-2.0
llm_full_metrics,1,3,-2.0
llm_full_metrics,1,4,-2.0
llm_full_metrics,1,5,-1.5
llm_full_metrics,1,6,1.6340948396932315
llm_full_metrics,1,7,1.6340948396932315
llm_full_metrics,1,8,1.6340948396932315
llm_full_metrics,1,9,1.6340948396932315
llm_full_metrics,1,10,1.6340948396932315
llm_full_metrics,1,11,1.6340948396932315
llm_full_metrics,1,12,1.6340948396932315
llm_full_metrics,2,1,1.4783765502374542
llm_full_metrics,2,2,1.4783765502374542
llm_full_metrics,2,3,1.4783765502374542
llm_full_metrics,2,4,1.4783765502374542
llm_full_metrics,2,5,1.4783765502374542
llm_full_metrics,2,6,1.5453853782189417
llm_full_metrics,2,7,1.5453853782189417
llm_full_metrics,2,8,1.5453853782189417
llm_full_metrics,2,9,1.5453853782189417
llm_full_metrics,2,10,1.5453853782189417
llm_full_metrics,2,11,1.5453853782189417
llm_full_metrics,2,12,1.5453853793028454
llm_full_metrics,3,1,-2.0
llm_full_metrics,3,2,1.6313989200097152
llm_full_metrics,3,3,1.6313989206888124
llm_full_metrics,3,4,1.6313989206888124
llm_full_metrics,3,5,1.6313989206888124
llm_full_metrics,3,6,1.6313989206888124
llm_full_metrics,3,7,1.6313989206888124
llm_full_metrics,3,8,1.649461979081005
llm_full_metrics,3,9,1.649461979081005
llm_full_metrics,3,10,1.649461979081005
llm_full_metrics,3,11,1.649461979081005
llm_full_metrics,3,12,1.649461979081005
llm_full_metrics,4,1,1.582935199291771
llm_full_metrics,4,2,1.582935199291771
llm_full_metrics,4,3,1.582935199291771
llm_full_metrics,4,4,1.582935199291771
llm_full_metrics,4,5,1.582935199291771
llm_full_metrics,4,6,1.582935199291771
llm_full_metrics,4,7,1.582935199291771
llm_full_metrics,4,8,1.582935199291771
llm_full_metrics,4,9,1.582935199291771
llm_full_metrics,4,10,1.582935199291771
llm_full_metrics,4,11,1.582935199291771
llm_full_metrics,4,12,1.5829351992926286
llm_full_metrics,5,1,1.497645744178722
llm_full_metrics,5,2,1.497645744178722
llm_full_metrics,5,3,1.497645744178722
llm_full_metrics,5,4,1.497645744178722
llm_full_metrics,5,5,1.497645744178722
llm_full_metrics,5,6,1.6100974544539188
llm_full_metrics,5,7,1.6100974544539188
llm_full_metrics,5,8,1.6100974544539188
llm_full_metrics,5,9,1.6100974544539188
llm_full_metrics,5,10,1.720470659288705
llm_full_metrics,5,11,1.720470659288705
llm_full_metrics,5,12,1.720470659288705
llm_full_metrics,6,1,1.5123510726495502
llm_full_metrics,6,2,1.5123510726495502
llm_full_metrics,6,3,1.5123510726495502
llm_full_metrics,6,4,1.5157489210179098
llm_full_metrics,6,5,1.5237158027164641
llm_full_metrics,6,6,1.5237158027164641
llm_full_metrics,6,7,1.537888090728908
llm_full_metrics,6,8,1.537888090728908
llm_full_metrics,6,9,1.537888090728908
llm_full_metrics,6,10,1.537888090728908
llm_full_metrics,6,11,1.537888090728908
llm_full_metrics,6,12,1.537888090728908
llm_full_metrics,7,1,-2.0
llm_full_metrics,7,2,-2.0
llm_full_metrics,7,3,-2.0
llm_full_metrics,7,4,-2.0
llm_full_metrics,7,5,-2.0
llm_full_metrics,7,6,-2.0
llm_full_metrics,7,7,1.496557878776265
llm_full_metrics,7,8,1.496557878776265
llm_full_metrics,7,9,1.7653610551894938
llm_full_metrics,7,10,1.7653610551894938
llm_full_metrics,7,11,1.7653610551894938
llm_full_metrics,7,12,1.7653610551894938
llm_full_metrics,8,1,1.4289304458578493
llm_full_metrics,8,2,1.4289304458578493
llm_full_metrics,8,3,1.4289304458578493
llm_full_metrics,8,4,1.6028545781575205
llm_full_metrics,8,5,1.6028545781575205
llm_full_metrics,8,6,1.6028545781575205
llm_full_metrics,8,7,1.6028545781575205
llm_full_metrics,8,8,1.6028545781575205
llm_full_metrics,8,9,1.6028545781575205
llm_full_metrics,8,10,1.6028545781575205
llm_full_metrics,8,11,1.6028545781575205
llm_full_metrics,8,12,1.6048970582779152
llm_full_metrics,9,1,-2.0
llm_full_metrics,9,2,-2.0
llm_full_metrics,9,3,-2.0
llm_full_metrics,9,4,1.566893118698892
llm_full_metrics,9,5,1.566893118698892
llm_full_metrics,9,6,1.566893118698892
llm_full_metrics,9,7,1.566893118698892
llm_full_metrics,9,8,1.597053907650859
llm_full_metrics,9,9,1.597053907650859
llm_full_metrics,9,10,1.597053907650859
llm_full_metrics,9,11,1.597053907650859
llm_full_metrics,9,12,1.597053907650859
llm_illumination,0,1,-2.0
llm_illumination,0,2,-2.0
llm_illumination,0,3,1.473388834197159
llm_illumination,0,4,1.4733888341978583
llm_illumination,0,5,1.486427411836124
llm_illumination,0,6,1.486427411836124
llm_illumination,0,7,1.486427411836124
llm_illumination,0,8,1.486427411836124
llm_illumination,0,9,1.486427411836124
llm_illumination,0,10,1.486427411836124
llm_illumination,0,11,1.486427411836124
llm_illumination,0,12,1.486427411836124
llm_illumination,1,1,-2.0
llm_illumination,1,2,-2.0
llm_illumination,1,3,-2.0
llm_illumination,1,4,-2.0
llm_illumination,1,5,-2.0
llm_illumination,1,6,1.4400908231577016
llm_illumination,1,7,1.4400908231577016
llm_illumination,1,8,1.4400908231577016
llm_illumination,1,9,1.4400908231577016
llm_illumination,1,10,1.511754076686404
llm_illumination,1,11,1.511754076686404
llm_illumination,1,12,1.511754076686404
llm_illumination,2,1,-2.0
llm_illumination,2,2,-1.5
llm_illumination,2,3,1.4718507881695908
llm_illumination,2,4,1.4718507881695908
llm_illumination,2,5,1.4718507881695908
llm_illumination,2,6,1.4718507881695908
llm_illumination,2,7,1.4718507881695908
llm_illumination,2,8,1.4718507881695908
llm_illumination,2,9,1.4718507881695908
llm_illumination,2,10,1.4718507881695908
llm_illumination,2,11,1.4718507881695908
llm_illumination,2,12,1.4718507881695908
llm_illumination,3,1,-2.0
llm_illumination,3,2,1.4042385511571362
llm_illumination,3,3,1.4042385511571362
llm_illumination,3,4,1.4042385511571362
llm_illumination,3,5,1.4042385511571362
llm_illumination,3,6,1.4042385511571362
llm_illumination,3,7,1.4042385511571362
llm_illumination,3,8,1.4042385511571362
llm_illumination,3,9,1.4042385511571362
llm_illumination,3,10,1.4042385511571362
llm_illumination,3,11,1.4042385511571362
llm_illumination,3,12,1.4042385511571362
llm_illumination,4,1,1.4483888341978584
llm_illumination,4,2,1.4483888341978584
llm_illumination,4,3,1.4483888341978584
llm_illumination,4,4,1.4483888341978584
llm_illumination,4,5,1.4483888341978584
llm_illumination,4,6,1.4483888341978584
llm_illumination,4,7,1.4483888341978584
llm_illumination,4,8,1.4483888341978584
llm_illumination,4,9,1.4483888341978584
llm_illumination,4,10,1.4483888341978584
llm_illumination,4,11,1.4483888341978584
llm_illumination,4,12,1.4483888341978584
llm_illumination,5,1,-2.0
llm_illumination,5,2,-2.0
llm_illumination,5,3,-2.0
llm_illumination,5,4,-2.0
llm_illumination,5,5,-2.0
llm_illumination,5,6,1.4197728163835395
llm_illumination,5,7,1.4197728163835395
llm_illumination,5,8,1.4197728163835395
llm_illumination,5,9,1.4197728163835395
llm_illumination,5,10,1.4197728163835395
llm_illumination,5,11,1.4197728163835395
llm_illumination,5,12,1.4197728163835395
llm_illumination,6,1,-2.0
llm_illumination,6,2,-2.0
llm_illumination,6,3,-2.0
llm_illumination,6,4,-2.0
llm_illumination,6,5,1.3525075784966585
llm_illumination,6,6,1.3525075784966585
llm_illumination,6,7,1.3525075784966585
llm_illumination,6,8,1.3525075784966585
llm_illumination,6,9,1.3525075784966585
llm_illumination,6,10,1.3525075784966585
llm_illumination,6,11,1.3525075784966585
llm_illumination,6,12,1.3525075784966585
llm_illumination,7,1,-2.0
llm_illumination,7,2,1.4567221675304924
llm_illumination,7,3,1.4567221675304924
llm_illumination,7,4,1.4567221675304924
llm_illumination,7,5,1.4567221675304924
llm_illumination,7,6,1.4567221675304924
llm_illumination,7,7,1.4567221675304924
llm_illumination,7,8,1.5539225292914436
llm_illumination,7,9,1.5539225292914436
llm_illumination,7,10,1.5539225292914436
llm_illumination,7,11,1.5539225292914436
llm_illumination,7,12,1.5539225292914436
llm_illumination,8,1,1.4801841215028877
llm_illumination,8,2,1.4801841215028877
llm_illumination,8,3,1.4801841215028877
llm_illumination,8,4,1.4801841215028877
llm_illumination,8,5,1.4801841215028877
llm_illumination,8,6,1.4801841215028877
llm_illumination,8,7,1.4801841215028877
llm_illumination,8,8,1.4801841215028877
llm_illumination,8,9,1.4801841215028877
llm_illumination,8,10,1.4801841215028877
llm_illumination,8,11,1.4801841215028877
llm_illumination,8,12,1.4801841215028877
llm_illumination,9,1,1.4567221675306088
llm_illumination,9,2,1.4567221675306088
llm_illumination,9,3,1.4567221675306088
llm_illumination,9,4,1.4567221675306088
llm_illumination,9,5,1.4567221675306088
llm_illumination,9,6,1.4567221675306088
llm_illumination,9,7,1.4697607451725776
llm_illumination,9,8,1.4697607451725776
llm_illumination,9,9,1.4697607451725776
llm_illumination,9,10,1.4697607451725776
llm_illumination,9,11,1.4697607451725776
llm_illumination,9,12,1.4697607451725776
llm_no_archive,0,1,-2.0
llm_no_archive,0,2,-2.0
llm_no_archive,0,3,-2.0
llm_no_archive,0,4,-2.0
llm_no_archive,0,5,-2.0
llm_no_archive,0,6,-2.0
llm_no_archive,0,7,-2.0
llm_no_archive,0,8,-2.0
llm_no_archive,0,9,-2.0
llm_no_archive,0,10,-2.0
llm_no_archive,0,11,-2.0
llm_no_archive,0,12,-2.0
llm_no_archive,1,1,1.3643254680199388
llm_no_archive,1,2,1.3643254680199388
llm_no_archive,1,3,1.3643254680199388
llm_no_archive,1,4,1.3643254680199388
llm_no_archive,1,5,1.3643254680199388
llm_no_archive,1,6,1.3643254680199388
llm_no_archive,1,7,1.3643254680199388
llm_no_archive,1,8,1.600514660007695
llm_no_archive,1,9,1.600514660007695
llm_no_archive,1,10,1.600514660007695
llm_no_archive,1,11,1.600514660007695
llm_no_archive,1,12,1.600514660007695
llm_no_archive,2,1,-2.0
llm_no_archive,2,2,1.5770596034412876
llm_no_archive,2,3,1.5770596034412876
llm_no_archive,2,4,1.5770596034412876
llm_no_archive,2,5,1.5770596034412876
llm_no_archive,2,6,1.5770596034412876
llm_no_archive,2,7,1.5770596034412876
llm_no_archive,2,8,1.5770596034412876
llm_no_archive,2,9,1.5770596034412876
llm_no_archive,2,10,1.5770596034412876
llm_no_archive,2,11,1.5770596034412876
llm_no_archive,2,12,1.5770596034412876
llm_no_archive,3,1,1.623529318112705
llm_no_archive,3,2,1.623529318112705
llm_no_archive,3,3,1.623529318112705
llm_no_archive,3,4,1.623529318112705
llm_no_archive,3,5,1.623529318112705
llm_no_archive,3,6,1.623529318112705
llm_no_archive,3,7,1.623529318112705
llm_no_archive,3,8,1.623529318112705
llm_no_archive,3,9,1.623529318112705
llm_no_archive,3,10,1.623529318112705
llm_no_archive,3,11,1.623529318112705
llm_no_archive,3,12,1.623529318112705
llm_no_archive,4,1,-2.0
llm_no_archive,4,2,1.3763555381361159
llm_no_archive,4,3,1.3763555381361159
llm_no_archive,4,4,1.623529318112705
llm_no_archive,4,5,1.623529318112705
llm_no_archive,4,6,1.623529318112705
llm_no_archive,4,7,1.623529318112705
llm_no_archive,4,8,1.623529318112705
llm_no_archive,4,9,1.623529318112705
llm_no_archive,4,10,1.623529318112705
llm_no_archive,4,11,1.623529318112705
llm_no_archive,4,12,1.623529318112705
llm_no_archive,5,1,-2.0
llm_no_archive,5,2,-2.0
llm_no_archive,5,3,-2.0
llm_no_archive,5,4,1.453623140465596
llm_no_archive,5,5,1.453623140465596
llm_no_archive,5,6,1.453623140465596
llm_no_archive,5,7,1.453623140465596
llm_no_archive,5,8,1.453623140465596
llm_no_archive,5,9,1.453623140465596
llm_no_archive,5,10,1.453623140465596
llm_no_archive,5,11,1.453623140465596
llm_no_archive,5,12,1.453623140465596
llm_no_archive,6,1,-2.0
llm_no_archive,6,2,1.5238314122421723
llm_no_archive,6,3,1.5238314122421723
llm_no_archive,6,4,1.5238314122421723
llm_no_archive,6,5,1.5238314122421723
llm_no_archive,6,6,1.5238314122421723
llm_no_archive,6,7,1.5238314122421723
llm_no_archive,6,8,1.5238314122421723
llm_no_archive,6,9,1.6480655864776963
llm_no_archive,6,10,1.6480655864776963
llm_no_archive,6,11,1.6480655864776963
llm_no_archive,6,12,1.6480655864776963
llm_no_archive,7,1,-2.0
llm_no_archive,7,2,1.6270094641420594
llm_no_archive,7,3,1.6270094641420594
llm_no_archive,7,4,1.6270094641420594
llm_no_archive,7,5,1.6270094641420594
llm_no_archive,7,6,1.6270094641420594
llm_no_archive,7,7,1.6270094641420594
llm_no_archive,7,8,1.6270094641420594
llm_no_archive,7,9,1.6270094641420594
llm_no_archive,7,10,1.6270094641420594
llm_no_archive,7,11,1.6270094641420594
llm_no_archive,7,12,1.6270094641420594
llm_no_archive,8,1,-2.0
llm_no_archive,8,2,-2.0
llm_no_archive,8,3,-2.0
llm_no_archive,8,4,-2.0
llm_no_archive,8,5,-2.0
llm_no_archive,8,6,1.5207581825277288
llm_no_archive,8,7,1.5207581825277288
llm_no_archive,8,8,1.5207581825277288
llm_no_archive,8,9,1.5207581825277288
llm_no_archive,8,10,1.6764378213408673
llm_no_archive,8,11,1.6764378213408673
llm_no_archive,8,12,1.6764378213408673
llm_no_archive,9,1,-2.0
llm_no_archive,9,2,1.401311108118382
llm_no_archive,9,3,1.401311108118382
llm_no_archive,9,4,1.401311108118382
llm_no_archive,9,5,1.401311108118382
llm_no_archive,9,6,1.617428173026565
llm_no_archive,9,7,1.617428173026565
llm_no_archive,9,8,1.617428173026565
llm_no_archive,9,9,1.7634853934098214
llm_no_archive,9,10,1.7634853934098214
llm_no_archive,9,11,1.7634853934098214
llm_no_archive,9,12,1.7634853934098214
llm_structure_only,0,1,-2.0
llm_structure_only,0,2,-2.0
llm_structure_only,0,3,-2.0
llm_structure_only,0,4,-2.0
llm_structure_only,0,5,-2.0
llm_structure_only,0,6,-2.0
llm_structure_only,0,7,-2.0
llm_structure_only,0,8,-2.0
llm_structure_only,0,9,1.6176033607414342
llm_structure_only,0,10,1.6176033607414342
llm_structure_only,0,11,1.6176033607414342
llm_structure_only,0,12,1.6176033607414342
llm_structure_only,1,1,-2.0
llm_structure_only,1,2,-2.0
llm_structure_only,1,3,-2.0
llm_structure_only,1,4,-2.0
llm_structure_only,1,5,-2.0
llm_structure_only,1,6,-2.0
llm_structure_only,1,7,-2.0
llm_structure_only,1,8,1.5750753970391629
llm_structure_only,1,9,1.5750753970391629
llm_structure_only,1,10,1.5750753970391629
llm_structure_only,1,11,1.5750753970391629
llm_structure_only,1,12,1.5750753970391629
llm_structure_only,2,1,-2.0
llm_structure_only,2,2,1.5148431324235805
llm_structure_only,2,3,1.5148431324235805
llm_structure_only,2,4,1.5148431324235805
llm_structure_only,2,5,1.5148431324235805
llm_structure_only,2,6,1.5148431324235805
llm_structure_only,2,7,1.5148431324235805
llm_structure_only,2,8,1.5148431324235805
llm_structure_only,2,9,1.5148431324235805
llm_structure_only,2,10,1.5148431324235805
llm_structure_only,2,11,1.5148431324235805
llm_structure_only,2,12,1.5148431324235805
llm_structure_only,3,1,1.5122587186584975
llm_structure_only,3,2,1.516790332891993
llm_structure_only,3,3,1.516790332891993
llm_structure_only,3,4,1.516790332891993
llm_structure_only,3,5,1.516790332891993
llm_structure_only,3,6,1.516790332891993
llm_structure_only,3,7,1.645858036641468
llm_structure_only,3,8,1.645858036641468
llm_structure_only,3,9,1.645858036641468
llm_structure_only,3,10,1.645858036641468
llm_structure_only,3,11,1.645858036641468
llm_structure_only,3,12,1.645858036641468
llm_structure_only,4,1,1.5667420636483993
llm_structure_only,4,2,1.5667420636483993
llm_structure_only,4,3,1.5667420636483993
llm_structure_only,4,4,1.5667420636483993
llm_structure_only,4,5,1.5667420636483993
llm_structure_only,4,6,1.5667420636483993
llm_structure_only,4,7,1.5667420636483993
llm_structure_only,4,8,1.5667420636483993
llm_structure_only,4,9,1.5667420636483993
llm_structure_only,4,10,1.5667420636483993
llm_structure_only,4,11,1.5667420636483993
llm_structure_only,4,12,1.5667420636483993
llm_structure_only,5,1,1.6625952607468975
llm_structure_only,5,2,1.6625952607468975
llm_structure_only,5,3,1.6625952607468975
llm_structure_only,5,4,1.6625952607468975
llm_structure_only,5,5,1.6625952607468975
llm_structure_only,5,6,1.6625952607468975
llm_structure_only,5,7,1.6625952607468975
llm_structure_only,5,8,1.6625952607468975
llm_structure_only,5,9,1.6625952607468975
llm_structure_only,5,10,1.6625952607468975
llm_structure_only,5,11,1.6625952607468975
llm_structure_only,5,12,1.6625952607468975
llm_structure_only,6,1,-2.0
llm_structure_only,6,2,-2.0
llm_structure_only,6,3,-2.0
llm_structure_only,6,4,-2.0
llm_structure_only,6,5,1.378896569531261
llm_structure_only,6,6,1.378896569531261
llm_structure_only,6,7,1.378896569531261
llm_structure_only,6,8,1.378896569531261
llm_structure_only,6,9,1.378896569531261
llm_structure_only,6,10,1.378896569531261
llm_structure_only,6,11,1.378896569531261
llm_structure_only,6,12,1.3788965695799695
llm_structure_only,7,1,1.788759892527755
llm_structure_only,7,2,1.788759892527755
llm_structure_only,7,3,1.788759892527755
llm_structure_only,7,4,1.788759892527755
llm_structure_only,7,5,1.788759892527755
llm_structure_only,7,6,1.788759892527755
llm_structure_only,7,7,1.788759892527755
llm_structure_only,7,8,1.788759892527755
llm_structure_only,7,9,1.788759892527755
llm_structure_only,7,10,1.7921827455130888
llm_structure_only,7,11,1.7921827455130888
llm_structure_only,7,12,1.7921827455130888
llm_structure_only,8,1,-2.0
llm_structure_only,8,2,-2.0
llm_structure_only,8,3,-2.0
llm_structure_only,8,4,-2.0
llm_structure_only,8,5,-2.0
llm_structure_only,8,6,-2.0
llm_structure_only,8,7,-2.0
llm_structure_only,8,8,-2.0
llm_structure_only,8,9,-2.0
llm_structure_only,8,10,-2.0
llm_structure_only,8,11,-2.0
llm_structure_only,8,12,-2.0
llm_structure_only,9,1,-2.0
llm_structure_only,9,2,-2.0
llm_structure_only,9,3,-2.0
llm_structure_only,9,4,-2.0
llm_structure_only,9,5,-2.0
llm_structure_only,9,6,-2.0
llm_structure_only,9,7,-2.0
llm_structure_only,9,8,-2.0
llm_structure_only,9,9,-2.0
llm_structure_only,9,10,-2.0
llm_structure_only,9,11,1.5137852142780537
llm_structure_only,9,12,1.5137852142780537
surrogate,0,1,-1.5
surrogate,0,2,-1.2
surrogate,0,3,-1.2
surrogate,0,4,-1.2
surrogate,0,5,-1.2
surrogate,0,6,1.1566179485359294
surrogate,0,7,1.1566179485359294
surrogate,0,8,1.1566179485359294
surrogate,0,9,1.1566179485359294
surrogate,0,10,1.4028874252525758
surrogate,0,11,1.4028874252525758
surrogate,0,12,1.6499498810742124
surrogate,1,1,-1.5
surrogate,1,2,-1.2
surrogate,1,3,-1.2
surrogate,1,4,-1.2
surrogate,1,5,-1.2
surrogate,1,6,-1.2
surrogate,1,7,-1.2
surrogate,1,8,1.5628007673764523
surrogate,1,9,1.5628007673764523
surrogate,1,10,1.5628007673764523
surrogate,1,11,1.5628007673764523
surrogate,1,12,1.5628007673764523
surrogate,2,1,-2.0
surrogate,2,2,-1.5
surrogate,2,3,1.2799373643421719
surrogate,2,4,1.2799373643421719
surrogate,2,5,1.2799373643421719
surrogate,2,6,1.7387755876279358
surrogate,2,7,1.7387755876279358
surrogate,2,8,1.7387755876279358
surrogate,2,9,1.7387755876279358
surrogate,2,10,1.7387755876279358
surrogate,2,11,1.7387755876279358
surrogate,2,12,1.7387755876279358
surrogate,3,1,1.269776988792657
surrogate,3,2,1.269776988792657
surrogate,3,3,1.269776988792657
surrogate,3,4,1.269776988792657
surrogate,3,5,1.269776988792657
surrogate,3,6,1.269776988792657
surrogate,3,7,1.479727586344292
surrogate,3,8,1.479727586344292
surrogate,3,9,1.479727586344292
surrogate,3,10,1.479727586344292
surrogate,3,11,1.479727586344292
surrogate,3,12,1.479727586344292
surrogate,4,1,-2.0
surrogate,4,2,-1.5
surrogate,4,3,-1.5
surrogate,4,4,1.5128488679051608
surrogate,4,5,1.5128488679051608
surrogate,4,6,1.7079525292214455
surrogate,4,7,1.7079525292214455
surrogate,4,8,1.7079525292214455
surrogate,4,9,1.7079525292214455
surrogate,4,10,1.7079525292214455
surrogate,4,11,1.7079525292214455
surrogate,4,12,1.7079525292214455
surrogate,5,1,-2.0
surrogate,5,2,-1.2
surrogate,5,3,-1.2
surrogate,5,4,-1.2
surrogate,5,5,-1.2
surrogate,5,6,1.417743668971037
surrogate,5,7,1.417743668971037
surrogate,5,8,1.417743668971037
surrogate,5,9,1.417743668971037
surrogate,5,10,1.417743668971037
surrogate,5,11,1.417743668971037
surrogate,5,12,1.417743668971037
surrogate,6,1,-2.0
surrogate,6,2,-2.0
surrogate,6,3,-1.5
surrogate,6,4,-1.5
surrogate,6,5,-1.2
surrogate,6,6,-1.2
surrogate,6,7,-1.2
surrogate,6,8,1.4161868207419477
surrogate,6,9,1.4161868207419477
surrogate,6,10,1.4161868207419477
surrogate,6,11,1.4161868207419477
surrogate,6,12,1.4161868207419477
surrogate,7,1,-2.0
surrogate,7,2,-2.0
surrogate,7,3,-2.0
surrogate,7,4,-2.0
surrogate,7,5,-1.5
surrogate,7,6,1.4794180173877822
surrogate,7,7,1.4794180173877822
surrogate,7,8,1.4794180173877822
surrogate,7,9,1.5383242103569421
surrogate,7,10,1.5383242103569421
surrogate,7,11,1.5383242103569421
surrogate,7,12,1.5383242103569421
surrogate,8,1,-2.0
surrogate,8,2,1.5907584395213052
surrogate,8,3,1.5907584395213052
surrogate,8,4,1.5907584395213052
surrogate,8,5,1.5907584395213052
surrogate,8,6,1.5907584395213052
surrogate,8,7,1.5907584395213052
surrogate,8,8,1.5907584395213052
surrogate,8,9,1.5907584395213052
surrogate,8,10,1.5907584395213052
surrogate,8,11,1.5907584395213052
surrogate,8,12,1.5907584395213052
surrogate,9,1,-2.0
surrogate,9,2,-2.0
surrogate,9,3,-2.0
surrogate,9,4,-2.0
surrogate,9,5,-2.0
surrogate,9,6,-2.0
surrogate,9,7,-2.0
surrogate,9,8,1.4888155874786575
surrogate,9,9,1.4888155874786575
surrogate,9,10,1.4888155874786575
surrogate,9,11,1.4888155874786575
surrogate,9,12,1.4888155874786575
uniform_random,0,1,-1.5
uniform_random,0,2,-1.2
uniform_random,0,3,-1.2
uniform_random,0,4,-1.2
uniform_random,0,5,-1.2
uniform_random,0,6,1.1566179485359294
uniform_random,0,7,1.3486256647948418
uniform_random,0,8,1.3486256647948418
uniform_random,0,9,1.3486256647948418
uniform_random,0,10,1.3486256647948418
uniform_random,0,11,1.3486256647948418
uniform_random,0,12,1.3486256647948418
uniform_random,1,1,-1.5
uniform_random,1,2,-1.2
uniform_random,1,3,-1.2
uniform_random,1,4,-1.2
uniform_random,1,5,-1.2
uniform_random,1,6,-1.2
uniform_random,1,7,-1.2
uniform_random,1,8,-1.2
uniform_random,1,9,-1.2
uniform_random,1,10,-1.2
uniform_random,1,11,-1.2
uniform_random,1,12,-1.2
uniform_random,2,1,-2.0
uniform_random,2,2,-1.5
uniform_random,2,3,1.2799373643421719
uniform_random,2,4,1.2799373643421719
uniform_random,2,5,1.2799373643421719
uniform_random,2,6,1.7387755876279358
uniform_random,2,7,1.7387755876279358
uniform_random,2,8,1.7387755876279358
uniform_random,2,9,1.7387755876279358
uniform_random,2,10,1.7387755876279358
uniform_random,2,11,1.7387755876279358
uniform_random,2,12,1.7387755876279358
uniform_random,3,1,1.269776988792657
uniform_random,3,2,1.269776988792657
uniform_random,3,3,1.269776988792657
uniform_random,3,4,1.269776988792657
uniform_random,3,5,1.269776988792657
uniform_random,3,6,1.269776988792657
uniform_random,3,7,1.269776988792657
uniform_random,3,8,1.269776988792657
uniform_random,3,9,1.269776988792657
uniform_random,3,10,1.3314068963003907
uniform_random,3,11,1.3314068963003907
uniform_random,3,12,1.3314068963003907
uniform_random,4,1,-2.0
uniform_random,4,2,-1.5
uniform_random,4,3,-1.5
uniform_random,4,4,1.5128488679051608
uniform_random,4,5,1.5128488679051608
uniform_random,4,6,1.7079525292214455
uniform_random,4,7,1.7079525292214455
uniform_random,4,8,1.7079525292214455
uniform_random,4,9,1.7079525292214455
uniform_random,4,10,1.7079525292214455
uniform_random,4,11,1.7079525292214455
uniform_random,4,12,1.7079525292214455
uniform_random,5,1,-2.0
uniform_random,5,2,-1.2
uniform_random,5,3,-1.2
uniform_random,5,4,-1.2
uniform_random,5,5,-1.2
uniform_random,5,6,1.417743668971037
uniform_random,5,7,1.417743668971037
uniform_random,5,8,1.417743668971037
uniform_random,5,9,1.417743668971037
uniform_random,5,10,1.417743668971037
uniform_random,5,11,1.417743668971037
uniform_random,5,12,1.417743668971037
uniform_random,6,1,-2.0
uniform_random,6,2,-2.0
uniform_random,6,3,-1.5
uniform_random,6,4,-1.5
uniform_random,6,5,-1.2
uniform_random,6,6,-1.2
uniform_random,6,7,-1.2
uniform_random,6,8,-1.2
uniform_random,6,9,-1.2
uniform_random,6,10,-1.2
uniform_random,6,11,-1.2
uniform_random,6,12,-1.2
uniform_random,7,1,-2.0
uniform_random,7,2,-2.0
uniform_random,7,3,-2.0
uniform_random,7,4,-2.0
uniform_random,7,5,-1.5
uniform_random,7,6,1.4794180173877822
uniform_random,7,7,1.4794180173877822
uniform_random,7,8,1.4794180173877822
uniform_random,7,9,1.4794180173877822
uniform_random,7,10,1.4794180173877822
uniform_random,7,11,1.4794180173877822
uniform_random,7,12,1.4794180173877822
uniform_random,8,1,-2.0
uniform_random,8,2,1.5907584395213052
uniform_random,8,3,1.5907584395213052
uniform_random,8,4,1.5907584395213052
uniform_random,8,5,1.5907584395213052
uniform_random,8,6,1.5907584395213052
uniform_random,8,7,1.5907584395213052
uniform_random,8,8,1.5907584395213052
uniform_random,8,9,1.5907584395213052
uniform_random,8,10,1.5907584395213052
uniform_random,8,11,1.5907584395213052
uniform_random,8,12,1.5907584395213052
uniform_random,9,1,-2.0
uniform_random,9,2,-2.0
uniform_random,9,3,-2.0
uniform_random,9,4,-2.0
uniform_random,9,5,-2.0
uniform_random,9,6,-2.0
uniform_random,9,7,-2.0
uniform_random,9,8,-2.0
uniform_random,9,9,-2.0
uniform_random,9,10,-1.5
uniform_random,9,11,-1.5
uniform_random,9,12,-1.5
